{
	"seed": "minecraft:pitcher_pod",
	"min": 18.333333333333336,
	"max": 43.333333333333336
}