{
	"seed": "minecraft:sugar_cane",
	"min": 21.11111111111111,
	"max": 40.55555555555556
}