{
	"seed": "minecraft:sweet_berries",
	"min": -8.88888888888889,
	"max": 4.444444444444445
}