{
	"seed": "minecraft:torchflower_seeds",
	"min": 7.222222222222222,
	"max": 43.333333333333336
}